flux,scheme,N,omp_threads,dt,n_steps,reps,serial_total_ms,omp_total_ms,simd_total_ms,omp_speedup_pct,simd_speedup_pct,serial_cfl_pct,serial_tv_pct,omp_cfl_pct,omp_tv_pct,simd_cfl_pct,simd_tv_pct
buckleyLeverett,lax_friedrichs,20,1,0.35,30,3,0.00916667,0.7562,0.00916667,-8149.45,0,22.9091,21.4545,26.6772,27.3693,21.4545,25.0909
buckleyLeverett,leapfrog,20,1,0.35,30,3,0.00896667,0.602667,0.00906667,-6621.19,-1.11524,21.5613,22.6766,31.9027,33.6394,22.4265,25.3676
buckleyLeverett,lax_friedrichs,20,2,0.35,30,3,0.00916667,13.4189,0.00916667,-146288,0,22.9091,21.4545,32.9056,32.4483,21.4545,25.0909
buckleyLeverett,leapfrog,20,2,0.35,30,3,0.00896667,7.22897,0.00906667,-80520.4,-1.11524,21.5613,22.6766,35.8276,31.1944,22.4265,25.3676
buckleyLeverett,lax_friedrichs,20,4,0.35,30,3,0.00916667,13.7735,0.00916667,-150157,0,22.9091,21.4545,33.2875,32.9639,21.4545,25.0909
buckleyLeverett,leapfrog,20,4,0.35,30,3,0.00896667,12.562,0.00906667,-139997,-1.11524,21.5613,22.6766,33.1255,33.6302,22.4265,25.3676
buckleyLeverett,lax_friedrichs,20,8,0.35,30,3,0.00916667,12.0878,0.00916667,-131767,0,22.9091,21.4545,32.3577,33.4798,21.4545,25.0909
buckleyLeverett,leapfrog,20,8,0.35,30,3,0.00896667,8.75453,0.00906667,-97534.2,-1.11524,21.5613,22.6766,32.6551,33.6203,22.4265,25.3676
buckleyLeverett,lax_friedrichs,20,16,0.35,30,3,0.00916667,11.2373,0.00916667,-122489,0,22.9091,21.4545,32.2625,33.2233,21.4545,25.0909
buckleyLeverett,leapfrog,20,16,0.35,30,3,0.00896667,10.8689,0.00906667,-121114,-1.11524,21.5613,22.6766,32.5936,33.3588,22.4265,25.3676
buckleyLeverett,lax_friedrichs,20,20,0.35,30,3,0.00916667,12.8072,0.00916667,-139615,0,22.9091,21.4545,33.1669,32.8478,21.4545,25.0909
buckleyLeverett,leapfrog,20,20,0.35,30,3,0.00896667,12.7913,0.00906667,-142554,-1.11524,21.5613,22.6766,33.6578,32.9278,22.4265,25.3676
buckleyLeverett,lax_friedrichs,1000,1,0.35,30,3,0.0987333,0.557667,0.1125,-464.821,-13.9433,1.45172,1.45172,32.0323,26.0311,1.12593,11.3185
buckleyLeverett,leapfrog,1000,1,0.35,30,3,0.102667,0.552267,0.110433,-437.922,-7.56494,1.26623,1.26623,32.5628,25.8812,0.996076,11.6813
buckleyLeverett,lax_friedrichs,1000,2,0.35,30,3,0.0987333,4.78863,0.1125,-4750.07,-13.9433,1.45172,1.45172,33.8412,32.6502,1.12593,11.3185
buckleyLeverett,leapfrog,1000,2,0.35,30,3,0.102667,5.70373,0.110433,-5455.58,-7.56494,1.26623,1.26623,29.9365,34.2916,0.996076,11.6813
buckleyLeverett,lax_friedrichs,1000,4,0.35,30,3,0.0987333,8.4803,0.1125,-8489.1,-13.9433,1.45172,1.45172,33.5177,32.1809,1.12593,11.3185
buckleyLeverett,leapfrog,1000,4,0.35,30,3,0.102667,5.68087,0.110433,-5433.31,-7.56494,1.26623,1.26623,33.8698,32.8506,0.996076,11.6813
buckleyLeverett,lax_friedrichs,1000,8,0.35,30,3,0.0987333,8.20967,0.1125,-8214.99,-13.9433,1.45172,1.45172,33.1118,33.1666,1.12593,11.3185
buckleyLeverett,leapfrog,1000,8,0.35,30,3,0.102667,7.875,0.110433,-7570.45,-7.56494,1.26623,1.26623,32.8982,32.869,0.996076,11.6813
buckleyLeverett,lax_friedrichs,1000,16,0.35,30,3,0.0987333,13.1205,0.1125,-13188.8,-13.9433,1.45172,1.45172,33.5777,31.4871,1.12593,11.3185
buckleyLeverett,leapfrog,1000,16,0.35,30,3,0.102667,14.1469,0.110433,-13679.5,-7.56494,1.26623,1.26623,31.7369,35.0382,0.996076,11.6813
buckleyLeverett,lax_friedrichs,1000,20,0.35,30,3,0.0987333,13.7269,0.1125,-13803,-13.9433,1.45172,1.45172,33.2768,32.738,1.12593,11.3185
buckleyLeverett,leapfrog,1000,20,0.35,30,3,0.102667,13.5324,0.110433,-13080.9,-7.56494,1.26623,1.26623,32.9916,34.0904,0.996076,11.6813
buckleyLeverett,lax_friedrichs,10000,1,0.35,30,3,1.00033,2.2901,1.06517,-128.934,-6.48117,0.136621,0.129957,31.2723,16.0371,0.147082,11.7822
buckleyLeverett,leapfrog,10000,1,0.35,30,3,0.977533,2.32857,1.06407,-138.208,-8.85221,0.136398,0.143218,31.1322,15.9555,0.137836,11.431
buckleyLeverett,lax_friedrichs,10000,2,0.35,30,3,1.00033,6.42793,1.06517,-542.579,-6.48117,0.136621,0.129957,33.986,29.4356,0.147082,11.7822
buckleyLeverett,leapfrog,10000,2,0.35,30,3,0.977533,5.74347,1.06407,-487.547,-8.85221,0.136398,0.143218,32.0782,31.4317,0.137836,11.431
buckleyLeverett,lax_friedrichs,10000,4,0.35,30,3,1.00033,11.966,1.06517,-1096.2,-6.48117,0.136621,0.129957,31.056,31.6154,0.147082,11.7822
buckleyLeverett,leapfrog,10000,4,0.35,30,3,0.977533,6.81057,1.06407,-596.709,-8.85221,0.136398,0.143218,33.6257,31.1584,0.137836,11.431
buckleyLeverett,lax_friedrichs,10000,8,0.35,30,3,1.00033,9.11113,1.06517,-810.81,-6.48117,0.136621,0.129957,32.2514,31.7568,0.147082,11.7822
buckleyLeverett,leapfrog,10000,8,0.35,30,3,0.977533,8.5908,1.06407,-778.824,-8.85221,0.136398,0.143218,33.9006,32.2147,0.137836,11.431
buckleyLeverett,lax_friedrichs,10000,16,0.35,30,3,1.00033,11.898,1.06517,-1089.4,-6.48117,0.136621,0.129957,33.0703,32.8481,0.147082,11.7822
buckleyLeverett,leapfrog,10000,16,0.35,30,3,0.977533,11.5113,1.06407,-1077.59,-8.85221,0.136398,0.143218,33.0785,33.3493,0.137836,11.431
buckleyLeverett,lax_friedrichs,10000,20,0.35,30,3,1.00033,13.5398,1.06517,-1253.53,-6.48117,0.136621,0.129957,33.0865,33.1623,0.147082,11.7822
buckleyLeverett,leapfrog,10000,20,0.35,30,3,0.977533,13.417,1.06407,-1272.53,-8.85221,0.136398,0.143218,33.3153,33.3185,0.137836,11.431
buckleyLeverett,lax_friedrichs,100000,1,0.35,30,3,9.8068,19.779,10.7912,-101.686,-10.0379,0.013596,0.0146157,30.9981,12.7956,0.014518,11.3488
buckleyLeverett,leapfrog,100000,1,0.35,30,3,15.0716,24.8642,16.4452,-64.9737,-9.11337,0.00862548,0.00862548,25.1738,10.5307,0.009932,7.43542
buckleyLeverett,lax_friedrichs,100000,2,0.35,30,3,9.8068,15.9917,10.7912,-63.0678,-10.0379,0.013596,0.0146157,31.0925,19.0521,0.014518,11.3488
buckleyLeverett,leapfrog,100000,2,0.35,30,3,15.0716,15.1287,16.4452,-0.378415,-9.11337,0.00862548,0.00862548,32.4278,19.2672,0.009932,7.43542
buckleyLeverett,lax_friedrichs,100000,4,0.35,30,3,9.8068,17.0257,10.7912,-73.6115,-10.0379,0.013596,0.0146157,29.6584,23.2327,0.014518,11.3488
buckleyLeverett,leapfrog,100000,4,0.35,30,3,15.0716,13.7147,16.4452,9.00301,-9.11337,0.00862548,0.00862548,30.6867,24.2447,0.009932,7.43542
buckleyLeverett,lax_friedrichs,100000,8,0.35,30,3,9.8068,13.1089,10.7912,-33.6715,-10.0379,0.013596,0.0146157,31.8626,25.2381,0.014518,11.3488
buckleyLeverett,leapfrog,100000,8,0.35,30,3,15.0716,12.4708,16.4452,17.2567,-9.11337,0.00862548,0.00862548,31.6872,26.2082,0.009932,7.43542
buckleyLeverett,lax_friedrichs,100000,16,0.35,30,3,9.8068,15.1268,10.7912,-54.2477,-10.0379,0.013596,0.0146157,31.3087,27.0421,0.014518,11.3488
buckleyLeverett,leapfrog,100000,16,0.35,30,3,15.0716,14.5786,16.4452,3.27149,-9.11337,0.00862548,0.00862548,32.1255,28.0034,0.009932,7.43542
buckleyLeverett,lax_friedrichs,100000,20,0.35,30,3,9.8068,16.3919,10.7912,-67.1486,-10.0379,0.013596,0.0146157,30.9547,31.4994,0.014518,11.3488
buckleyLeverett,leapfrog,100000,20,0.35,30,3,15.0716,16.0957,16.4452,-6.79488,-9.11337,0.00862548,0.00862548,31.0177,32.0567,0.009932,7.43542
buckleyLeverett,lax_friedrichs,500000,1,0.35,30,3,51.9235,293.827,74.5299,-465.883,-43.5379,0.00269627,0.00243948,29.3739,11.1699,0.00245986,12.65
buckleyLeverett,leapfrog,500000,1,0.35,30,3,58.173,320.567,92.8527,-451.057,-59.6147,0.00240661,0.00275042,30.2999,12.6928,0.00276423,13.7528
buckleyLeverett,lax_friedrichs,500000,2,0.35,30,3,51.9235,222.458,74.5299,-328.433,-43.5379,0.00269627,0.00243948,30.3259,13.336,0.00245986,12.65
buckleyLeverett,leapfrog,500000,2,0.35,30,3,58.173,238.001,92.8527,-309.126,-59.6147,0.00240661,0.00275042,30.1769,12.4957,0.00276423,13.7528
buckleyLeverett,lax_friedrichs,500000,4,0.35,30,3,51.9235,132.829,74.5299,-155.816,-43.5379,0.00269627,0.00243948,30.8555,15.3205,0.00245986,12.65
buckleyLeverett,leapfrog,500000,4,0.35,30,3,58.173,165.948,92.8527,-185.266,-59.6147,0.00240661,0.00275042,30.957,15.8968,0.00276423,13.7528
buckleyLeverett,lax_friedrichs,500000,8,0.35,30,3,51.9235,127.943,74.5299,-146.407,-43.5379,0.00269627,0.00243948,31.1392,15.7839,0.00245986,12.65
buckleyLeverett,leapfrog,500000,8,0.35,30,3,58.173,130.167,92.8527,-123.759,-59.6147,0.00240661,0.00275042,31.2522,15.7818,0.00276423,13.7528
buckleyLeverett,lax_friedrichs,500000,16,0.35,30,3,51.9235,98.5716,74.5299,-89.8399,-43.5379,0.00269627,0.00243948,31.1303,18.7856,0.00245986,12.65
buckleyLeverett,leapfrog,500000,16,0.35,30,3,58.173,99.5018,92.8527,-71.0445,-59.6147,0.00240661,0.00275042,30.4553,19.5301,0.00276423,13.7528
buckleyLeverett,lax_friedrichs,500000,20,0.35,30,3,51.9235,63.6295,74.5299,-22.5447,-43.5379,0.00269627,0.00243948,31.9909,26.4654,0.00245986,12.65
buckleyLeverett,leapfrog,500000,20,0.35,30,3,58.173,71.4863,92.8527,-22.8857,-59.6147,0.00240661,0.00275042,32.1073,25.3575,0.00276423,13.7528
buckleyLeverett,lax_friedrichs,1000000,1,0.35,30,3,112.995,218.861,131.581,-93.6907,-16.4483,0.00132749,0.00135699,32.3875,13.1488,0.00134265,15.0986
buckleyLeverett,leapfrog,1000000,1,0.35,30,3,115.533,212.754,122.093,-84.1492,-5.67805,0.0016734,0.00178881,31.6221,13.3108,0.00109206,16.1998
buckleyLeverett,lax_friedrichs,1000000,2,0.35,30,3,112.995,110.023,131.581,2.63067,-16.4483,0.00132749,0.00135699,30.7056,14.0303,0.00134265,15.0986
buckleyLeverett,leapfrog,1000000,2,0.35,30,3,115.533,117.401,122.093,-1.61662,-5.67805,0.0016734,0.00178881,31.4684,14.487,0.00109206,16.1998
buckleyLeverett,lax_friedrichs,1000000,4,0.35,30,3,112.995,83.7032,131.581,25.9232,-16.4483,0.00132749,0.00135699,31.1785,17.7072,0.00134265,15.0986
buckleyLeverett,leapfrog,1000000,4,0.35,30,3,115.533,74.3089,122.093,35.6818,-5.67805,0.0016734,0.00178881,31.8407,18.8334,0.00109206,16.1998
buckleyLeverett,lax_friedrichs,1000000,8,0.35,30,3,112.995,82.8246,131.581,26.7008,-16.4483,0.00132749,0.00135699,30.2872,17.4837,0.00134265,15.0986
buckleyLeverett,leapfrog,1000000,8,0.35,30,3,115.533,77.4633,122.093,32.9515,-5.67805,0.0016734,0.00178881,31.1266,19.5043,0.00109206,16.1998
buckleyLeverett,lax_friedrichs,1000000,16,0.35,30,3,112.995,79.5247,131.581,29.6212,-16.4483,0.00132749,0.00135699,32.1329,20.9584,0.00134265,15.0986
buckleyLeverett,leapfrog,1000000,16,0.35,30,3,115.533,67.4345,122.093,41.6319,-5.67805,0.0016734,0.00178881,31.8177,22.3183,0.00109206,16.1998
buckleyLeverett,lax_friedrichs,1000000,20,0.35,30,3,112.995,68.7246,131.581,39.1792,-16.4483,0.00132749,0.00135699,30.9625,21.0515,0.00134265,15.0986
buckleyLeverett,leapfrog,1000000,20,0.35,30,3,115.533,57.899,122.093,49.8854,-5.67805,0.0016734,0.00178881,31.8056,22.0417,0.00109206,16.1998
